Volver a pedir,Verificacion katy,ID de inventario,Marca,Nombre,Descripción ,Tamaño,Cantidad  en existencias,Costo de compra ,Taxes ,Precio de importación ,Valor total x unidad,Valor general de mercadería disponible,Precio venta Perú x unidad dolares,Precio de venta peru x unidad en soles,Precio del mercado,%descuento,Ganancias x unidad,Ganancia del total de unidades
C,K,IN0001,One size,Pack Mattifying waterproof,Paquete de 2 productos x 3.4 oz x 1.0 oz,1x 543ml y 1x 46ml,9,34,2.6,1.6,"=Tabla_Lista_Inventario34[[#This Row],[Costo de compra ]]+Tabla_Lista_Inventario34[[#This Row],[Taxes ]]+Tabla_Lista_Inventario34[[#This Row],[Precio de importación ]]","=Tabla_Lista_Inventario34[[#This Row],[Valor total x unidad]]*Tabla_Lista_Inventario34[[#This Row],[Cantidad  en existencias]]","=Tabla_Lista_Inventario34[[#This Row],[Precio de venta peru x unidad en soles]]/3.5",230,270,"=Tabla_Lista_Inventario34[[#This Row],[Precio de venta peru x unidad en soles]]/Tabla_Lista_Inventario34[[#This Row],[Precio del mercado]]*100-100","=Tabla_Lista_Inventario34[[#This Row],[Precio venta Perú x unidad dolares]]-Tabla_Lista_Inventario34[[#This Row],[Valor total x unidad]]","=Tabla_Lista_Inventario34[[#This Row],[Ganancias x unidad]]*Tabla_Lista_Inventario34[[#This Row],[Cantidad  en existencias]]"
C,K,IN0002,One size,Mini Mattifying waterproof,Mini fijador,46ml,2,11,3.36,1.6,"=Tabla_Lista_Inventario34[[#This Row],[Costo de compra ]]+Tabla_Lista_Inventario34[[#This Row],[Taxes ]]+Tabla_Lista_Inventario34[[#This Row],[Precio de importación ]]","=Tabla_Lista_Inventario34[[#This Row],[Valor total x unidad]]*Tabla_Lista_Inventario34[[#This Row],[Cantidad  en existencias]]","=Tabla_Lista_Inventario34[[#This Row],[Precio de venta peru x unidad en soles]]/3.5",100,115,"=Tabla_Lista_Inventario34[[#This Row],[Precio de venta peru x unidad en soles]]/Tabla_Lista_Inventario34[[#This Row],[Precio del mercado]]*100-100","=Tabla_Lista_Inventario34[[#This Row],[Precio venta Perú x unidad dolares]]-Tabla_Lista_Inventario34[[#This Row],[Valor total x unidad]]","=Tabla_Lista_Inventario34[[#This Row],[Ganancias x unidad]]*Tabla_Lista_Inventario34[[#This Row],[Cantidad  en existencias]]"
C,K-,IN0003,One size,Ultímate setting powder ,Polvo translucent,34.5g ,1,23,1.68,1.6,"=Tabla_Lista_Inventario34[[#This Row],[Costo de compra ]]+Tabla_Lista_Inventario34[[#This Row],[Taxes ]]+Tabla_Lista_Inventario34[[#This Row],[Precio de importación ]]","=Tabla_Lista_Inventario34[[#This Row],[Valor total x unidad]]*Tabla_Lista_Inventario34[[#This Row],[Cantidad  en existencias]]","=Tabla_Lista_Inventario34[[#This Row],[Precio de venta peru x unidad en soles]]/3.5",155,185,"=Tabla_Lista_Inventario34[[#This Row],[Precio de venta peru x unidad en soles]]/Tabla_Lista_Inventario34[[#This Row],[Precio del mercado]]*100-100","=Tabla_Lista_Inventario34[[#This Row],[Precio venta Perú x unidad dolares]]-Tabla_Lista_Inventario34[[#This Row],[Valor total x unidad]]","=Tabla_Lista_Inventario34[[#This Row],[Ganancias x unidad]]*Tabla_Lista_Inventario34[[#This Row],[Cantidad  en existencias]]"
C,K,IN0004,One size,Ultímate setting powder ,Polvo ultrapink ,34.5g ,1,23,1.68,1.6,"=Tabla_Lista_Inventario34[[#This Row],[Costo de compra ]]+Tabla_Lista_Inventario34[[#This Row],[Taxes ]]+Tabla_Lista_Inventario34[[#This Row],[Precio de importación ]]","=Tabla_Lista_Inventario34[[#This Row],[Valor total x unidad]]*Tabla_Lista_Inventario34[[#This Row],[Cantidad  en existencias]]","=Tabla_Lista_Inventario34[[#This Row],[Precio de venta peru x unidad en soles]]/3.5",155,185,"=Tabla_Lista_Inventario34[[#This Row],[Precio de venta peru x unidad en soles]]/Tabla_Lista_Inventario34[[#This Row],[Precio del mercado]]*100-100","=Tabla_Lista_Inventario34[[#This Row],[Precio venta Perú x unidad dolares]]-Tabla_Lista_Inventario34[[#This Row],[Valor total x unidad]]","=Tabla_Lista_Inventario34[[#This Row],[Ganancias x unidad]]*Tabla_Lista_Inventario34[[#This Row],[Cantidad  en existencias]]"
C,K,IN0005,One size,Pack mini  setting powder ,Pack mini de translucent y ultrapink ,2x 6.5g,4,21.72,2.29,1.6,"=Tabla_Lista_Inventario34[[#This Row],[Costo de compra ]]+Tabla_Lista_Inventario34[[#This Row],[Taxes ]]+Tabla_Lista_Inventario34[[#This Row],[Precio de importación ]]","=Tabla_Lista_Inventario34[[#This Row],[Valor total x unidad]]*Tabla_Lista_Inventario34[[#This Row],[Cantidad  en existencias]]","=Tabla_Lista_Inventario34[[#This Row],[Precio de venta peru x unidad en soles]]/3.5",150,,"=Tabla_Lista_Inventario34[[#This Row],[Precio de venta peru x unidad en soles]]/Tabla_Lista_Inventario34[[#This Row],[Precio del mercado]]*100-100","=Tabla_Lista_Inventario34[[#This Row],[Precio venta Perú x unidad dolares]]-Tabla_Lista_Inventario34[[#This Row],[Valor total x unidad]]","=Tabla_Lista_Inventario34[[#This Row],[Ganancias x unidad]]*Tabla_Lista_Inventario34[[#This Row],[Cantidad  en existencias]]"
C,K,IN0006,One size,Seure Primer mattifying,Primer para asegurar el sudor full size,30ml,2,22,1.68,1.6,"=Tabla_Lista_Inventario34[[#This Row],[Costo de compra ]]+Tabla_Lista_Inventario34[[#This Row],[Taxes ]]+Tabla_Lista_Inventario34[[#This Row],[Precio de importación ]]","=Tabla_Lista_Inventario34[[#This Row],[Valor total x unidad]]*Tabla_Lista_Inventario34[[#This Row],[Cantidad  en existencias]]","=Tabla_Lista_Inventario34[[#This Row],[Precio de venta peru x unidad en soles]]/3.5",175,,"=Tabla_Lista_Inventario34[[#This Row],[Precio de venta peru x unidad en soles]]/Tabla_Lista_Inventario34[[#This Row],[Precio del mercado]]*100-100","=Tabla_Lista_Inventario34[[#This Row],[Precio venta Perú x unidad dolares]]-Tabla_Lista_Inventario34[[#This Row],[Valor total x unidad]]","=Tabla_Lista_Inventario34[[#This Row],[Ganancias x unidad]]*Tabla_Lista_Inventario34[[#This Row],[Cantidad  en existencias]]"
C,K,IN0007,One size,Líquido eyeliner waterproof,Delineador fino color negro REGALO,1.2ml,4,0,0,1.6,"=Tabla_Lista_Inventario34[[#This Row],[Costo de compra ]]+Tabla_Lista_Inventario34[[#This Row],[Taxes ]]+Tabla_Lista_Inventario34[[#This Row],[Precio de importación ]]","=Tabla_Lista_Inventario34[[#This Row],[Valor total x unidad]]*Tabla_Lista_Inventario34[[#This Row],[Cantidad  en existencias]]","=Tabla_Lista_Inventario34[[#This Row],[Precio de venta peru x unidad en soles]]/3.5",70,,"=Tabla_Lista_Inventario34[[#This Row],[Precio de venta peru x unidad en soles]]/Tabla_Lista_Inventario34[[#This Row],[Precio del mercado]]*100-100","=Tabla_Lista_Inventario34[[#This Row],[Precio venta Perú x unidad dolares]]-Tabla_Lista_Inventario34[[#This Row],[Valor total x unidad]]","=Tabla_Lista_Inventario34[[#This Row],[Ganancias x unidad]]*Tabla_Lista_Inventario34[[#This Row],[Cantidad  en existencias]]"
C,,IN0008,One size,Cosmetiquera one size,Bolso rojo REGALO,,2,0,0,1.6,"=Tabla_Lista_Inventario34[[#This Row],[Costo de compra ]]+Tabla_Lista_Inventario34[[#This Row],[Taxes ]]+Tabla_Lista_Inventario34[[#This Row],[Precio de importación ]]","=Tabla_Lista_Inventario34[[#This Row],[Valor total x unidad]]*Tabla_Lista_Inventario34[[#This Row],[Cantidad  en existencias]]","=Tabla_Lista_Inventario34[[#This Row],[Precio de venta peru x unidad en soles]]/3.5",25,,"=Tabla_Lista_Inventario34[[#This Row],[Precio de venta peru x unidad en soles]]/Tabla_Lista_Inventario34[[#This Row],[Precio del mercado]]*100-100","=Tabla_Lista_Inventario34[[#This Row],[Precio venta Perú x unidad dolares]]-Tabla_Lista_Inventario34[[#This Row],[Valor total x unidad]]","=Tabla_Lista_Inventario34[[#This Row],[Ganancias x unidad]]*Tabla_Lista_Inventario34[[#This Row],[Cantidad  en existencias]]"
C,,IN0009,One size,Ultímate puff ,Esponja one size REGALO,,3,0,0,1.6,"=Tabla_Lista_Inventario34[[#This Row],[Costo de compra ]]+Tabla_Lista_Inventario34[[#This Row],[Taxes ]]+Tabla_Lista_Inventario34[[#This Row],[Precio de importación ]]","=Tabla_Lista_Inventario34[[#This Row],[Valor total x unidad]]*Tabla_Lista_Inventario34[[#This Row],[Cantidad  en existencias]]","=Tabla_Lista_Inventario34[[#This Row],[Precio de venta peru x unidad en soles]]/3.5",30,,"=Tabla_Lista_Inventario34[[#This Row],[Precio de venta peru x unidad en soles]]/Tabla_Lista_Inventario34[[#This Row],[Precio del mercado]]*100-100","=Tabla_Lista_Inventario34[[#This Row],[Precio venta Perú x unidad dolares]]-Tabla_Lista_Inventario34[[#This Row],[Valor total x unidad]]","=Tabla_Lista_Inventario34[[#This Row],[Ganancias x unidad]]*Tabla_Lista_Inventario34[[#This Row],[Cantidad  en existencias]]"
C,K,IN0010,One size,B12 base thinner,Serum mixing médium REGALO,30ml,2,0,0,1.6,"=Tabla_Lista_Inventario34[[#This Row],[Costo de compra ]]+Tabla_Lista_Inventario34[[#This Row],[Taxes ]]+Tabla_Lista_Inventario34[[#This Row],[Precio de importación ]]","=Tabla_Lista_Inventario34[[#This Row],[Valor total x unidad]]*Tabla_Lista_Inventario34[[#This Row],[Cantidad  en existencias]]","=Tabla_Lista_Inventario34[[#This Row],[Precio de venta peru x unidad en soles]]/3.5",140,,"=Tabla_Lista_Inventario34[[#This Row],[Precio de venta peru x unidad en soles]]/Tabla_Lista_Inventario34[[#This Row],[Precio del mercado]]*100-100","=Tabla_Lista_Inventario34[[#This Row],[Precio venta Perú x unidad dolares]]-Tabla_Lista_Inventario34[[#This Row],[Valor total x unidad]]","=Tabla_Lista_Inventario34[[#This Row],[Ganancias x unidad]]*Tabla_Lista_Inventario34[[#This Row],[Cantidad  en existencias]]"
C,K,IN0011,One size,Bronze y sculpt trio,Color medium trio,3x 3.5g,4,15.2,1.31,1.6,"=Tabla_Lista_Inventario34[[#This Row],[Costo de compra ]]+Tabla_Lista_Inventario34[[#This Row],[Taxes ]]+Tabla_Lista_Inventario34[[#This Row],[Precio de importación ]]","=Tabla_Lista_Inventario34[[#This Row],[Valor total x unidad]]*Tabla_Lista_Inventario34[[#This Row],[Cantidad  en existencias]]","=Tabla_Lista_Inventario34[[#This Row],[Precio de venta peru x unidad en soles]]/3.5",150,,"=Tabla_Lista_Inventario34[[#This Row],[Precio de venta peru x unidad en soles]]/Tabla_Lista_Inventario34[[#This Row],[Precio del mercado]]*100-100","=Tabla_Lista_Inventario34[[#This Row],[Precio venta Perú x unidad dolares]]-Tabla_Lista_Inventario34[[#This Row],[Valor total x unidad]]","=Tabla_Lista_Inventario34[[#This Row],[Ganancias x unidad]]*Tabla_Lista_Inventario34[[#This Row],[Cantidad  en existencias]]"
C,K,IN0012,One size,3d blush trio,Color gworly pop,4g + 2x 3.5g,1,23.94,1.31,1.6,"=Tabla_Lista_Inventario34[[#This Row],[Costo de compra ]]+Tabla_Lista_Inventario34[[#This Row],[Taxes ]]+Tabla_Lista_Inventario34[[#This Row],[Precio de importación ]]","=Tabla_Lista_Inventario34[[#This Row],[Valor total x unidad]]*Tabla_Lista_Inventario34[[#This Row],[Cantidad  en existencias]]","=Tabla_Lista_Inventario34[[#This Row],[Precio de venta peru x unidad en soles]]/3.5",200,,"=Tabla_Lista_Inventario34[[#This Row],[Precio de venta peru x unidad en soles]]/Tabla_Lista_Inventario34[[#This Row],[Precio del mercado]]*100-100","=Tabla_Lista_Inventario34[[#This Row],[Precio venta Perú x unidad dolares]]-Tabla_Lista_Inventario34[[#This Row],[Valor total x unidad]]","=Tabla_Lista_Inventario34[[#This Row],[Ganancias x unidad]]*Tabla_Lista_Inventario34[[#This Row],[Cantidad  en existencias]]"
,K,IN0013,Maybelline,Labial matte ink ,Color 20 pioneer,5ml,4,6.6,1.5,1.6,"=Tabla_Lista_Inventario34[[#This Row],[Costo de compra ]]+Tabla_Lista_Inventario34[[#This Row],[Taxes ]]+Tabla_Lista_Inventario34[[#This Row],[Precio de importación ]]","=Tabla_Lista_Inventario34[[#This Row],[Valor total x unidad]]*Tabla_Lista_Inventario34[[#This Row],[Cantidad  en existencias]]","=Tabla_Lista_Inventario34[[#This Row],[Precio de venta peru x unidad en soles]]/3.5",50,,"=Tabla_Lista_Inventario34[[#This Row],[Precio de venta peru x unidad en soles]]/Tabla_Lista_Inventario34[[#This Row],[Precio del mercado]]*100-100","=Tabla_Lista_Inventario34[[#This Row],[Precio venta Perú x unidad dolares]]-Tabla_Lista_Inventario34[[#This Row],[Valor total x unidad]]","=Tabla_Lista_Inventario34[[#This Row],[Ganancias x unidad]]*Tabla_Lista_Inventario34[[#This Row],[Cantidad  en existencias]]"
,K,IN0014,Maybelline,Labial matte ink ,Color 65 seductress ,5ml,4,6.6,1.5,1.6,"=Tabla_Lista_Inventario34[[#This Row],[Costo de compra ]]+Tabla_Lista_Inventario34[[#This Row],[Taxes ]]+Tabla_Lista_Inventario34[[#This Row],[Precio de importación ]]","=Tabla_Lista_Inventario34[[#This Row],[Valor total x unidad]]*Tabla_Lista_Inventario34[[#This Row],[Cantidad  en existencias]]","=Tabla_Lista_Inventario34[[#This Row],[Precio de venta peru x unidad en soles]]/3.5",50,,"=Tabla_Lista_Inventario34[[#This Row],[Precio de venta peru x unidad en soles]]/Tabla_Lista_Inventario34[[#This Row],[Precio del mercado]]*100-100","=Tabla_Lista_Inventario34[[#This Row],[Precio venta Perú x unidad dolares]]-Tabla_Lista_Inventario34[[#This Row],[Valor total x unidad]]","=Tabla_Lista_Inventario34[[#This Row],[Ganancias x unidad]]*Tabla_Lista_Inventario34[[#This Row],[Cantidad  en existencias]]"
,K,IN0015,Maybelline,Labial matte ink ,Color 15 lover,5ml,4,6.6,1.5,1.6,"=Tabla_Lista_Inventario34[[#This Row],[Costo de compra ]]+Tabla_Lista_Inventario34[[#This Row],[Taxes ]]+Tabla_Lista_Inventario34[[#This Row],[Precio de importación ]]","=Tabla_Lista_Inventario34[[#This Row],[Valor total x unidad]]*Tabla_Lista_Inventario34[[#This Row],[Cantidad  en existencias]]","=Tabla_Lista_Inventario34[[#This Row],[Precio de venta peru x unidad en soles]]/3.5",50,,"=Tabla_Lista_Inventario34[[#This Row],[Precio de venta peru x unidad en soles]]/Tabla_Lista_Inventario34[[#This Row],[Precio del mercado]]*100-100","=Tabla_Lista_Inventario34[[#This Row],[Precio venta Perú x unidad dolares]]-Tabla_Lista_Inventario34[[#This Row],[Valor total x unidad]]","=Tabla_Lista_Inventario34[[#This Row],[Ganancias x unidad]]*Tabla_Lista_Inventario34[[#This Row],[Cantidad  en existencias]]"
,K,IN0016,Anastasia,Pucker Up líp trío,"Pack de 3 , color dusty rose","3g , 3.5g , 1.14g",1,28,2.5,1.6,"=Tabla_Lista_Inventario34[[#This Row],[Costo de compra ]]+Tabla_Lista_Inventario34[[#This Row],[Taxes ]]+Tabla_Lista_Inventario34[[#This Row],[Precio de importación ]]","=Tabla_Lista_Inventario34[[#This Row],[Valor total x unidad]]*Tabla_Lista_Inventario34[[#This Row],[Cantidad  en existencias]]","=Tabla_Lista_Inventario34[[#This Row],[Precio de venta peru x unidad en soles]]/3.5",215,,"=Tabla_Lista_Inventario34[[#This Row],[Precio de venta peru x unidad en soles]]/Tabla_Lista_Inventario34[[#This Row],[Precio del mercado]]*100-100","=Tabla_Lista_Inventario34[[#This Row],[Precio venta Perú x unidad dolares]]-Tabla_Lista_Inventario34[[#This Row],[Valor total x unidad]]","=Tabla_Lista_Inventario34[[#This Row],[Ganancias x unidad]]*Tabla_Lista_Inventario34[[#This Row],[Cantidad  en existencias]]"
,K,IN0017,Anastasia,Pucker Up líp trío,"Pack de 3 , color hush pink","3g , 3.5g , 1.14g",1,28,2.5,1.6,"=Tabla_Lista_Inventario34[[#This Row],[Costo de compra ]]+Tabla_Lista_Inventario34[[#This Row],[Taxes ]]+Tabla_Lista_Inventario34[[#This Row],[Precio de importación ]]","=Tabla_Lista_Inventario34[[#This Row],[Valor total x unidad]]*Tabla_Lista_Inventario34[[#This Row],[Cantidad  en existencias]]","=Tabla_Lista_Inventario34[[#This Row],[Precio de venta peru x unidad en soles]]/3.5",225,,"=Tabla_Lista_Inventario34[[#This Row],[Precio de venta peru x unidad en soles]]/Tabla_Lista_Inventario34[[#This Row],[Precio del mercado]]*100-100","=Tabla_Lista_Inventario34[[#This Row],[Precio venta Perú x unidad dolares]]-Tabla_Lista_Inventario34[[#This Row],[Valor total x unidad]]","=Tabla_Lista_Inventario34[[#This Row],[Ganancias x unidad]]*Tabla_Lista_Inventario34[[#This Row],[Cantidad  en existencias]]"
C,K,IN0018,Anastasia,Labial lip velvet textura mousse,Color Paule mauve ,3.5g,1,18,1.62,1.6,"=Tabla_Lista_Inventario34[[#This Row],[Costo de compra ]]+Tabla_Lista_Inventario34[[#This Row],[Taxes ]]+Tabla_Lista_Inventario34[[#This Row],[Precio de importación ]]","=Tabla_Lista_Inventario34[[#This Row],[Valor total x unidad]]*Tabla_Lista_Inventario34[[#This Row],[Cantidad  en existencias]]","=Tabla_Lista_Inventario34[[#This Row],[Precio de venta peru x unidad en soles]]/3.5",125,,"=Tabla_Lista_Inventario34[[#This Row],[Precio de venta peru x unidad en soles]]/Tabla_Lista_Inventario34[[#This Row],[Precio del mercado]]*100-100","=Tabla_Lista_Inventario34[[#This Row],[Precio venta Perú x unidad dolares]]-Tabla_Lista_Inventario34[[#This Row],[Valor total x unidad]]","=Tabla_Lista_Inventario34[[#This Row],[Ganancias x unidad]]*Tabla_Lista_Inventario34[[#This Row],[Cantidad  en existencias]]"
C,K,IN0019,Anastasia,Labial lip velvet textura mousse,Color Paule mauve ,3.5g,1,19.3,2.5,1.6,"=Tabla_Lista_Inventario34[[#This Row],[Costo de compra ]]+Tabla_Lista_Inventario34[[#This Row],[Taxes ]]+Tabla_Lista_Inventario34[[#This Row],[Precio de importación ]]","=Tabla_Lista_Inventario34[[#This Row],[Valor total x unidad]]*Tabla_Lista_Inventario34[[#This Row],[Cantidad  en existencias]]","=Tabla_Lista_Inventario34[[#This Row],[Precio de venta peru x unidad en soles]]/3.5",125,,"=Tabla_Lista_Inventario34[[#This Row],[Precio de venta peru x unidad en soles]]/Tabla_Lista_Inventario34[[#This Row],[Precio del mercado]]*100-100","=Tabla_Lista_Inventario34[[#This Row],[Precio venta Perú x unidad dolares]]-Tabla_Lista_Inventario34[[#This Row],[Valor total x unidad]]","=Tabla_Lista_Inventario34[[#This Row],[Ganancias x unidad]]*Tabla_Lista_Inventario34[[#This Row],[Cantidad  en existencias]]"
C,K,IN0020,Anastasia,Labial lip velvet textura mousse,Color pomegranate,3.5g,1,19.3,2.5,1.6,"=Tabla_Lista_Inventario34[[#This Row],[Costo de compra ]]+Tabla_Lista_Inventario34[[#This Row],[Taxes ]]+Tabla_Lista_Inventario34[[#This Row],[Precio de importación ]]","=Tabla_Lista_Inventario34[[#This Row],[Valor total x unidad]]*Tabla_Lista_Inventario34[[#This Row],[Cantidad  en existencias]]","=Tabla_Lista_Inventario34[[#This Row],[Precio de venta peru x unidad en soles]]/3.5",125,,"=Tabla_Lista_Inventario34[[#This Row],[Precio de venta peru x unidad en soles]]/Tabla_Lista_Inventario34[[#This Row],[Precio del mercado]]*100-100","=Tabla_Lista_Inventario34[[#This Row],[Precio venta Perú x unidad dolares]]-Tabla_Lista_Inventario34[[#This Row],[Valor total x unidad]]","=Tabla_Lista_Inventario34[[#This Row],[Ganancias x unidad]]*Tabla_Lista_Inventario34[[#This Row],[Cantidad  en existencias]]"
C,K,IN0021,Anastasia,Labial lip velvet textura mousse,Color Rosy mauve ,3.5g,1,19.3,2.5,1.6,"=Tabla_Lista_Inventario34[[#This Row],[Costo de compra ]]+Tabla_Lista_Inventario34[[#This Row],[Taxes ]]+Tabla_Lista_Inventario34[[#This Row],[Precio de importación ]]","=Tabla_Lista_Inventario34[[#This Row],[Valor total x unidad]]*Tabla_Lista_Inventario34[[#This Row],[Cantidad  en existencias]]","=Tabla_Lista_Inventario34[[#This Row],[Precio de venta peru x unidad en soles]]/3.5",125,,"=Tabla_Lista_Inventario34[[#This Row],[Precio de venta peru x unidad en soles]]/Tabla_Lista_Inventario34[[#This Row],[Precio del mercado]]*100-100","=Tabla_Lista_Inventario34[[#This Row],[Precio venta Perú x unidad dolares]]-Tabla_Lista_Inventario34[[#This Row],[Valor total x unidad]]","=Tabla_Lista_Inventario34[[#This Row],[Ganancias x unidad]]*Tabla_Lista_Inventario34[[#This Row],[Cantidad  en existencias]]"
C,K,IN0022,Anastasia,Labial lip velvet textura mousse,Color hush rose ,3.5g,1,18,1.62,1.6,"=Tabla_Lista_Inventario34[[#This Row],[Costo de compra ]]+Tabla_Lista_Inventario34[[#This Row],[Taxes ]]+Tabla_Lista_Inventario34[[#This Row],[Precio de importación ]]","=Tabla_Lista_Inventario34[[#This Row],[Valor total x unidad]]*Tabla_Lista_Inventario34[[#This Row],[Cantidad  en existencias]]","=Tabla_Lista_Inventario34[[#This Row],[Precio de venta peru x unidad en soles]]/3.5",125,,"=Tabla_Lista_Inventario34[[#This Row],[Precio de venta peru x unidad en soles]]/Tabla_Lista_Inventario34[[#This Row],[Precio del mercado]]*100-100","=Tabla_Lista_Inventario34[[#This Row],[Precio venta Perú x unidad dolares]]-Tabla_Lista_Inventario34[[#This Row],[Valor total x unidad]]","=Tabla_Lista_Inventario34[[#This Row],[Ganancias x unidad]]*Tabla_Lista_Inventario34[[#This Row],[Cantidad  en existencias]]"
C,K,IN0023,Anastasia,Labial lip velvet textura mousse,Color softy ,3.5g,1,18,1.62,1.6,"=Tabla_Lista_Inventario34[[#This Row],[Costo de compra ]]+Tabla_Lista_Inventario34[[#This Row],[Taxes ]]+Tabla_Lista_Inventario34[[#This Row],[Precio de importación ]]","=Tabla_Lista_Inventario34[[#This Row],[Valor total x unidad]]*Tabla_Lista_Inventario34[[#This Row],[Cantidad  en existencias]]","=Tabla_Lista_Inventario34[[#This Row],[Precio de venta peru x unidad en soles]]/3.5",125,,"=Tabla_Lista_Inventario34[[#This Row],[Precio de venta peru x unidad en soles]]/Tabla_Lista_Inventario34[[#This Row],[Precio del mercado]]*100-100","=Tabla_Lista_Inventario34[[#This Row],[Precio venta Perú x unidad dolares]]-Tabla_Lista_Inventario34[[#This Row],[Valor total x unidad]]","=Tabla_Lista_Inventario34[[#This Row],[Ganancias x unidad]]*Tabla_Lista_Inventario34[[#This Row],[Cantidad  en existencias]]"
C,K,IN0024,Anastasia,Labial lip velvet textura mousse,Color crush ,3.5g,1,18,1.62,1.6,"=Tabla_Lista_Inventario34[[#This Row],[Costo de compra ]]+Tabla_Lista_Inventario34[[#This Row],[Taxes ]]+Tabla_Lista_Inventario34[[#This Row],[Precio de importación ]]","=Tabla_Lista_Inventario34[[#This Row],[Valor total x unidad]]*Tabla_Lista_Inventario34[[#This Row],[Cantidad  en existencias]]","=Tabla_Lista_Inventario34[[#This Row],[Precio de venta peru x unidad en soles]]/3.5",125,,"=Tabla_Lista_Inventario34[[#This Row],[Precio de venta peru x unidad en soles]]/Tabla_Lista_Inventario34[[#This Row],[Precio del mercado]]*100-100","=Tabla_Lista_Inventario34[[#This Row],[Precio venta Perú x unidad dolares]]-Tabla_Lista_Inventario34[[#This Row],[Valor total x unidad]]","=Tabla_Lista_Inventario34[[#This Row],[Ganancias x unidad]]*Tabla_Lista_Inventario34[[#This Row],[Cantidad  en existencias]]"
,K,IN0025,Anastasia,Shimmer body oil ,Color whithe REGALO,45ml,2,0,0,1.6,"=Tabla_Lista_Inventario34[[#This Row],[Costo de compra ]]+Tabla_Lista_Inventario34[[#This Row],[Taxes ]]+Tabla_Lista_Inventario34[[#This Row],[Precio de importación ]]","=Tabla_Lista_Inventario34[[#This Row],[Valor total x unidad]]*Tabla_Lista_Inventario34[[#This Row],[Cantidad  en existencias]]","=Tabla_Lista_Inventario34[[#This Row],[Precio de venta peru x unidad en soles]]/3.5",180,,"=Tabla_Lista_Inventario34[[#This Row],[Precio de venta peru x unidad en soles]]/Tabla_Lista_Inventario34[[#This Row],[Precio del mercado]]*100-100","=Tabla_Lista_Inventario34[[#This Row],[Precio venta Perú x unidad dolares]]-Tabla_Lista_Inventario34[[#This Row],[Valor total x unidad]]","=Tabla_Lista_Inventario34[[#This Row],[Ganancias x unidad]]*Tabla_Lista_Inventario34[[#This Row],[Cantidad  en existencias]]"
,K,IN0026,Nyx ,Fat Oil lip,Color miseed call ,4.8ml,3,7.5,1.55,1.6,"=Tabla_Lista_Inventario34[[#This Row],[Costo de compra ]]+Tabla_Lista_Inventario34[[#This Row],[Taxes ]]+Tabla_Lista_Inventario34[[#This Row],[Precio de importación ]]","=Tabla_Lista_Inventario34[[#This Row],[Valor total x unidad]]*Tabla_Lista_Inventario34[[#This Row],[Cantidad  en existencias]]","=Tabla_Lista_Inventario34[[#This Row],[Precio de venta peru x unidad en soles]]/3.5",55,,"=Tabla_Lista_Inventario34[[#This Row],[Precio de venta peru x unidad en soles]]/Tabla_Lista_Inventario34[[#This Row],[Precio del mercado]]*100-100","=Tabla_Lista_Inventario34[[#This Row],[Precio venta Perú x unidad dolares]]-Tabla_Lista_Inventario34[[#This Row],[Valor total x unidad]]","=Tabla_Lista_Inventario34[[#This Row],[Ganancias x unidad]]*Tabla_Lista_Inventario34[[#This Row],[Cantidad  en existencias]]"
,K,IN0027,Nyx ,Fat Oil lip,Color chillin like a villain ,4.8ml,3,7.5,1.55,1.6,"=Tabla_Lista_Inventario34[[#This Row],[Costo de compra ]]+Tabla_Lista_Inventario34[[#This Row],[Taxes ]]+Tabla_Lista_Inventario34[[#This Row],[Precio de importación ]]","=Tabla_Lista_Inventario34[[#This Row],[Valor total x unidad]]*Tabla_Lista_Inventario34[[#This Row],[Cantidad  en existencias]]","=Tabla_Lista_Inventario34[[#This Row],[Precio de venta peru x unidad en soles]]/3.5",55,,"=Tabla_Lista_Inventario34[[#This Row],[Precio de venta peru x unidad en soles]]/Tabla_Lista_Inventario34[[#This Row],[Precio del mercado]]*100-100","=Tabla_Lista_Inventario34[[#This Row],[Precio venta Perú x unidad dolares]]-Tabla_Lista_Inventario34[[#This Row],[Valor total x unidad]]","=Tabla_Lista_Inventario34[[#This Row],[Ganancias x unidad]]*Tabla_Lista_Inventario34[[#This Row],[Cantidad  en existencias]]"
,K,IN0028,Nyx ,Fat Oil lip,Color losin cone-trol,4.8ml,3,7.5,1.55,1.6,"=Tabla_Lista_Inventario34[[#This Row],[Costo de compra ]]+Tabla_Lista_Inventario34[[#This Row],[Taxes ]]+Tabla_Lista_Inventario34[[#This Row],[Precio de importación ]]","=Tabla_Lista_Inventario34[[#This Row],[Valor total x unidad]]*Tabla_Lista_Inventario34[[#This Row],[Cantidad  en existencias]]","=Tabla_Lista_Inventario34[[#This Row],[Precio de venta peru x unidad en soles]]/3.5",55,,"=Tabla_Lista_Inventario34[[#This Row],[Precio de venta peru x unidad en soles]]/Tabla_Lista_Inventario34[[#This Row],[Precio del mercado]]*100-100","=Tabla_Lista_Inventario34[[#This Row],[Precio venta Perú x unidad dolares]]-Tabla_Lista_Inventario34[[#This Row],[Valor total x unidad]]","=Tabla_Lista_Inventario34[[#This Row],[Ganancias x unidad]]*Tabla_Lista_Inventario34[[#This Row],[Cantidad  en existencias]]"
,K-1,IN0029,Nyx ,Fat oil lip drip trio ,"Color my main, missed call, follow back",3x 4.8ml,3,13.8,1.55,1.6,"=Tabla_Lista_Inventario34[[#This Row],[Costo de compra ]]+Tabla_Lista_Inventario34[[#This Row],[Taxes ]]+Tabla_Lista_Inventario34[[#This Row],[Precio de importación ]]","=Tabla_Lista_Inventario34[[#This Row],[Valor total x unidad]]*Tabla_Lista_Inventario34[[#This Row],[Cantidad  en existencias]]","=Tabla_Lista_Inventario34[[#This Row],[Precio de venta peru x unidad en soles]]/3.5",145,,"=Tabla_Lista_Inventario34[[#This Row],[Precio de venta peru x unidad en soles]]/Tabla_Lista_Inventario34[[#This Row],[Precio del mercado]]*100-100","=Tabla_Lista_Inventario34[[#This Row],[Precio venta Perú x unidad dolares]]-Tabla_Lista_Inventario34[[#This Row],[Valor total x unidad]]","=Tabla_Lista_Inventario34[[#This Row],[Ganancias x unidad]]*Tabla_Lista_Inventario34[[#This Row],[Cantidad  en existencias]]"
,K,IN0030,Fenty ,Diamond bonb ,Color how many carats ,8g,1,30,1.61,1.6,"=Tabla_Lista_Inventario34[[#This Row],[Costo de compra ]]+Tabla_Lista_Inventario34[[#This Row],[Taxes ]]+Tabla_Lista_Inventario34[[#This Row],[Precio de importación ]]","=Tabla_Lista_Inventario34[[#This Row],[Valor total x unidad]]*Tabla_Lista_Inventario34[[#This Row],[Cantidad  en existencias]]","=Tabla_Lista_Inventario34[[#This Row],[Precio de venta peru x unidad en soles]]/3.5",185,,"=Tabla_Lista_Inventario34[[#This Row],[Precio de venta peru x unidad en soles]]/Tabla_Lista_Inventario34[[#This Row],[Precio del mercado]]*100-100","=Tabla_Lista_Inventario34[[#This Row],[Precio venta Perú x unidad dolares]]-Tabla_Lista_Inventario34[[#This Row],[Valor total x unidad]]","=Tabla_Lista_Inventario34[[#This Row],[Ganancias x unidad]]*Tabla_Lista_Inventario34[[#This Row],[Cantidad  en existencias]]"
,K,IN0031,Fenty ,Crayon Mate contour,Color mocha 03,7.10g,1,16.31,1.61,1.6,"=Tabla_Lista_Inventario34[[#This Row],[Costo de compra ]]+Tabla_Lista_Inventario34[[#This Row],[Taxes ]]+Tabla_Lista_Inventario34[[#This Row],[Precio de importación ]]","=Tabla_Lista_Inventario34[[#This Row],[Valor total x unidad]]*Tabla_Lista_Inventario34[[#This Row],[Cantidad  en existencias]]","=Tabla_Lista_Inventario34[[#This Row],[Precio de venta peru x unidad en soles]]/3.5",180,,"=Tabla_Lista_Inventario34[[#This Row],[Precio de venta peru x unidad en soles]]/Tabla_Lista_Inventario34[[#This Row],[Precio del mercado]]*100-100","=Tabla_Lista_Inventario34[[#This Row],[Precio venta Perú x unidad dolares]]-Tabla_Lista_Inventario34[[#This Row],[Valor total x unidad]]","=Tabla_Lista_Inventario34[[#This Row],[Ganancias x unidad]]*Tabla_Lista_Inventario34[[#This Row],[Cantidad  en existencias]]"
,K,IN0032,Fenty ,Gloss bomb stix,Color black berry,3.6g,1,21.4,1.61,1.6,"=Tabla_Lista_Inventario34[[#This Row],[Costo de compra ]]+Tabla_Lista_Inventario34[[#This Row],[Taxes ]]+Tabla_Lista_Inventario34[[#This Row],[Precio de importación ]]","=Tabla_Lista_Inventario34[[#This Row],[Valor total x unidad]]*Tabla_Lista_Inventario34[[#This Row],[Cantidad  en existencias]]","=Tabla_Lista_Inventario34[[#This Row],[Precio de venta peru x unidad en soles]]/3.5",140,,"=Tabla_Lista_Inventario34[[#This Row],[Precio de venta peru x unidad en soles]]/Tabla_Lista_Inventario34[[#This Row],[Precio del mercado]]*100-100","=Tabla_Lista_Inventario34[[#This Row],[Precio venta Perú x unidad dolares]]-Tabla_Lista_Inventario34[[#This Row],[Valor total x unidad]]","=Tabla_Lista_Inventario34[[#This Row],[Ganancias x unidad]]*Tabla_Lista_Inventario34[[#This Row],[Cantidad  en existencias]]"
,K,IN0033,Fenty ,Pencil lip liner,Color brown'd out,1.24g,1,20,1.61,1.6,"=Tabla_Lista_Inventario34[[#This Row],[Costo de compra ]]+Tabla_Lista_Inventario34[[#This Row],[Taxes ]]+Tabla_Lista_Inventario34[[#This Row],[Precio de importación ]]","=Tabla_Lista_Inventario34[[#This Row],[Valor total x unidad]]*Tabla_Lista_Inventario34[[#This Row],[Cantidad  en existencias]]","=Tabla_Lista_Inventario34[[#This Row],[Precio de venta peru x unidad en soles]]/3.5",115,,"=Tabla_Lista_Inventario34[[#This Row],[Precio de venta peru x unidad en soles]]/Tabla_Lista_Inventario34[[#This Row],[Precio del mercado]]*100-100","=Tabla_Lista_Inventario34[[#This Row],[Precio venta Perú x unidad dolares]]-Tabla_Lista_Inventario34[[#This Row],[Valor total x unidad]]","=Tabla_Lista_Inventario34[[#This Row],[Ganancias x unidad]]*Tabla_Lista_Inventario34[[#This Row],[Cantidad  en existencias]]"
,K,IN0034,Fenty ,Pencil lip liner,Color bubble tini,1.24g,1,15.8,1.61,1.6,"=Tabla_Lista_Inventario34[[#This Row],[Costo de compra ]]+Tabla_Lista_Inventario34[[#This Row],[Taxes ]]+Tabla_Lista_Inventario34[[#This Row],[Precio de importación ]]","=Tabla_Lista_Inventario34[[#This Row],[Valor total x unidad]]*Tabla_Lista_Inventario34[[#This Row],[Cantidad  en existencias]]","=Tabla_Lista_Inventario34[[#This Row],[Precio de venta peru x unidad en soles]]/3.5",115,,"=Tabla_Lista_Inventario34[[#This Row],[Precio de venta peru x unidad en soles]]/Tabla_Lista_Inventario34[[#This Row],[Precio del mercado]]*100-100","=Tabla_Lista_Inventario34[[#This Row],[Precio venta Perú x unidad dolares]]-Tabla_Lista_Inventario34[[#This Row],[Valor total x unidad]]","=Tabla_Lista_Inventario34[[#This Row],[Ganancias x unidad]]*Tabla_Lista_Inventario34[[#This Row],[Cantidad  en existencias]]"
,,IN0035,Fenty ,Gloss bomb,Color fussy 02,9ml,1,15.8,1.61,1.6,"=Tabla_Lista_Inventario34[[#This Row],[Costo de compra ]]+Tabla_Lista_Inventario34[[#This Row],[Taxes ]]+Tabla_Lista_Inventario34[[#This Row],[Precio de importación ]]","=Tabla_Lista_Inventario34[[#This Row],[Valor total x unidad]]*Tabla_Lista_Inventario34[[#This Row],[Cantidad  en existencias]]","=Tabla_Lista_Inventario34[[#This Row],[Precio de venta peru x unidad en soles]]/3.5",130,,"=Tabla_Lista_Inventario34[[#This Row],[Precio de venta peru x unidad en soles]]/Tabla_Lista_Inventario34[[#This Row],[Precio del mercado]]*100-100","=Tabla_Lista_Inventario34[[#This Row],[Precio venta Perú x unidad dolares]]-Tabla_Lista_Inventario34[[#This Row],[Valor total x unidad]]","=Tabla_Lista_Inventario34[[#This Row],[Ganancias x unidad]]*Tabla_Lista_Inventario34[[#This Row],[Cantidad  en existencias]]"
,,IN0036,Fenty ,Carterita ,Color lila REGALO,,1,0,0,1.6,"=Tabla_Lista_Inventario34[[#This Row],[Costo de compra ]]+Tabla_Lista_Inventario34[[#This Row],[Taxes ]]+Tabla_Lista_Inventario34[[#This Row],[Precio de importación ]]","=Tabla_Lista_Inventario34[[#This Row],[Valor total x unidad]]*Tabla_Lista_Inventario34[[#This Row],[Cantidad  en existencias]]","=Tabla_Lista_Inventario34[[#This Row],[Precio de venta peru x unidad en soles]]/3.5",,,"=Tabla_Lista_Inventario34[[#This Row],[Precio de venta peru x unidad en soles]]/Tabla_Lista_Inventario34[[#This Row],[Precio del mercado]]*100-100","=Tabla_Lista_Inventario34[[#This Row],[Precio venta Perú x unidad dolares]]-Tabla_Lista_Inventario34[[#This Row],[Valor total x unidad]]","=Tabla_Lista_Inventario34[[#This Row],[Ganancias x unidad]]*Tabla_Lista_Inventario34[[#This Row],[Cantidad  en existencias]]"
C,K,IN0037,Patrick-ta,Brocha dual brush,Color blanco for face 03,,1,30,2.65,1.6,"=Tabla_Lista_Inventario34[[#This Row],[Costo de compra ]]+Tabla_Lista_Inventario34[[#This Row],[Taxes ]]+Tabla_Lista_Inventario34[[#This Row],[Precio de importación ]]","=Tabla_Lista_Inventario34[[#This Row],[Valor total x unidad]]*Tabla_Lista_Inventario34[[#This Row],[Cantidad  en existencias]]","=Tabla_Lista_Inventario34[[#This Row],[Precio de venta peru x unidad en soles]]/3.5",180,,"=Tabla_Lista_Inventario34[[#This Row],[Precio de venta peru x unidad en soles]]/Tabla_Lista_Inventario34[[#This Row],[Precio del mercado]]*100-100","=Tabla_Lista_Inventario34[[#This Row],[Precio venta Perú x unidad dolares]]-Tabla_Lista_Inventario34[[#This Row],[Valor total x unidad]]","=Tabla_Lista_Inventario34[[#This Row],[Ganancias x unidad]]*Tabla_Lista_Inventario34[[#This Row],[Cantidad  en existencias]]"
C,K,IN0038,Patrick-ta,Lip crayon precision,Color she's not from here REGALO,0.36g,1,0,0,1.6,"=Tabla_Lista_Inventario34[[#This Row],[Costo de compra ]]+Tabla_Lista_Inventario34[[#This Row],[Taxes ]]+Tabla_Lista_Inventario34[[#This Row],[Precio de importación ]]","=Tabla_Lista_Inventario34[[#This Row],[Valor total x unidad]]*Tabla_Lista_Inventario34[[#This Row],[Cantidad  en existencias]]","=Tabla_Lista_Inventario34[[#This Row],[Precio de venta peru x unidad en soles]]/3.5",45,,"=Tabla_Lista_Inventario34[[#This Row],[Precio de venta peru x unidad en soles]]/Tabla_Lista_Inventario34[[#This Row],[Precio del mercado]]*100-100","=Tabla_Lista_Inventario34[[#This Row],[Precio venta Perú x unidad dolares]]-Tabla_Lista_Inventario34[[#This Row],[Valor total x unidad]]","=Tabla_Lista_Inventario34[[#This Row],[Ganancias x unidad]]*Tabla_Lista_Inventario34[[#This Row],[Cantidad  en existencias]]"
C,,IN0039,Patrick-ta,Plumping gloss,Color full syringe REGALO,9ml,1,0,0,1.6,"=Tabla_Lista_Inventario34[[#This Row],[Costo de compra ]]+Tabla_Lista_Inventario34[[#This Row],[Taxes ]]+Tabla_Lista_Inventario34[[#This Row],[Precio de importación ]]","=Tabla_Lista_Inventario34[[#This Row],[Valor total x unidad]]*Tabla_Lista_Inventario34[[#This Row],[Cantidad  en existencias]]","=Tabla_Lista_Inventario34[[#This Row],[Precio de venta peru x unidad en soles]]/3.5",80,,"=Tabla_Lista_Inventario34[[#This Row],[Precio de venta peru x unidad en soles]]/Tabla_Lista_Inventario34[[#This Row],[Precio del mercado]]*100-100","=Tabla_Lista_Inventario34[[#This Row],[Precio venta Perú x unidad dolares]]-Tabla_Lista_Inventario34[[#This Row],[Valor total x unidad]]","=Tabla_Lista_Inventario34[[#This Row],[Ganancias x unidad]]*Tabla_Lista_Inventario34[[#This Row],[Cantidad  en existencias]]"
C,K,IN0040,Patrick-ta,Lip shine brillant,Color pink shes an influencer REGALO,7ml,1,0,0,1.6,"=Tabla_Lista_Inventario34[[#This Row],[Costo de compra ]]+Tabla_Lista_Inventario34[[#This Row],[Taxes ]]+Tabla_Lista_Inventario34[[#This Row],[Precio de importación ]]","=Tabla_Lista_Inventario34[[#This Row],[Valor total x unidad]]*Tabla_Lista_Inventario34[[#This Row],[Cantidad  en existencias]]","=Tabla_Lista_Inventario34[[#This Row],[Precio de venta peru x unidad en soles]]/3.5",150,,"=Tabla_Lista_Inventario34[[#This Row],[Precio de venta peru x unidad en soles]]/Tabla_Lista_Inventario34[[#This Row],[Precio del mercado]]*100-100","=Tabla_Lista_Inventario34[[#This Row],[Precio venta Perú x unidad dolares]]-Tabla_Lista_Inventario34[[#This Row],[Valor total x unidad]]","=Tabla_Lista_Inventario34[[#This Row],[Ganancias x unidad]]*Tabla_Lista_Inventario34[[#This Row],[Cantidad  en existencias]]"
C,K,,Patrick-ta,Tilk kylip creme,Shes secure REGALO,7ml,1,0,0,1.6,"=Tabla_Lista_Inventario34[[#This Row],[Costo de compra ]]+Tabla_Lista_Inventario34[[#This Row],[Taxes ]]+Tabla_Lista_Inventario34[[#This Row],[Precio de importación ]]","=Tabla_Lista_Inventario34[[#This Row],[Valor total x unidad]]*Tabla_Lista_Inventario34[[#This Row],[Cantidad  en existencias]]","=Tabla_Lista_Inventario34[[#This Row],[Precio de venta peru x unidad en soles]]/3.5",60,,"=Tabla_Lista_Inventario34[[#This Row],[Precio de venta peru x unidad en soles]]/Tabla_Lista_Inventario34[[#This Row],[Precio del mercado]]*100-100","=Tabla_Lista_Inventario34[[#This Row],[Precio venta Perú x unidad dolares]]-Tabla_Lista_Inventario34[[#This Row],[Valor total x unidad]]","=Tabla_Lista_Inventario34[[#This Row],[Ganancias x unidad]]*Tabla_Lista_Inventario34[[#This Row],[Cantidad  en existencias]]"
C,K,,Patrick-ta,Matte suede lipstick,Seductive REGALO,4gr,1,0,0,1.6,"=Tabla_Lista_Inventario34[[#This Row],[Costo de compra ]]+Tabla_Lista_Inventario34[[#This Row],[Taxes ]]+Tabla_Lista_Inventario34[[#This Row],[Precio de importación ]]","=Tabla_Lista_Inventario34[[#This Row],[Valor total x unidad]]*Tabla_Lista_Inventario34[[#This Row],[Cantidad  en existencias]]","=Tabla_Lista_Inventario34[[#This Row],[Precio de venta peru x unidad en soles]]/3.5",75,,"=Tabla_Lista_Inventario34[[#This Row],[Precio de venta peru x unidad en soles]]/Tabla_Lista_Inventario34[[#This Row],[Precio del mercado]]*100-100","=Tabla_Lista_Inventario34[[#This Row],[Precio venta Perú x unidad dolares]]-Tabla_Lista_Inventario34[[#This Row],[Valor total x unidad]]","=Tabla_Lista_Inventario34[[#This Row],[Ganancias x unidad]]*Tabla_Lista_Inventario34[[#This Row],[Cantidad  en existencias]]"
C,K,IN0041,Patrick-ta,Double take creme y powder blush,Color shes baked,5g,1,30,2.65,1.6,"=Tabla_Lista_Inventario34[[#This Row],[Costo de compra ]]+Tabla_Lista_Inventario34[[#This Row],[Taxes ]]+Tabla_Lista_Inventario34[[#This Row],[Precio de importación ]]","=Tabla_Lista_Inventario34[[#This Row],[Valor total x unidad]]*Tabla_Lista_Inventario34[[#This Row],[Cantidad  en existencias]]","=Tabla_Lista_Inventario34[[#This Row],[Precio de venta peru x unidad en soles]]/3.5",170,,"=Tabla_Lista_Inventario34[[#This Row],[Precio de venta peru x unidad en soles]]/Tabla_Lista_Inventario34[[#This Row],[Precio del mercado]]*100-100","=Tabla_Lista_Inventario34[[#This Row],[Precio venta Perú x unidad dolares]]-Tabla_Lista_Inventario34[[#This Row],[Valor total x unidad]]","=Tabla_Lista_Inventario34[[#This Row],[Ganancias x unidad]]*Tabla_Lista_Inventario34[[#This Row],[Cantidad  en existencias]]"
C,K,,Patrick-ta,Double take creme y powder blush,Color shes seductive,5g,2,30,1.6,1.6,"=Tabla_Lista_Inventario34[[#This Row],[Costo de compra ]]+Tabla_Lista_Inventario34[[#This Row],[Taxes ]]+Tabla_Lista_Inventario34[[#This Row],[Precio de importación ]]","=Tabla_Lista_Inventario34[[#This Row],[Valor total x unidad]]*Tabla_Lista_Inventario34[[#This Row],[Cantidad  en existencias]]","=Tabla_Lista_Inventario34[[#This Row],[Precio de venta peru x unidad en soles]]/3.5",170,,"=Tabla_Lista_Inventario34[[#This Row],[Precio de venta peru x unidad en soles]]/Tabla_Lista_Inventario34[[#This Row],[Precio del mercado]]*100-100","=Tabla_Lista_Inventario34[[#This Row],[Precio venta Perú x unidad dolares]]-Tabla_Lista_Inventario34[[#This Row],[Valor total x unidad]]","=Tabla_Lista_Inventario34[[#This Row],[Ganancias x unidad]]*Tabla_Lista_Inventario34[[#This Row],[Cantidad  en existencias]]"
C,K,IN0042,Patrick-ta,Double take creme y powder blush,Color she goes to the gym,5g,3,30.4,0,1.6,"=Tabla_Lista_Inventario34[[#This Row],[Costo de compra ]]+Tabla_Lista_Inventario34[[#This Row],[Taxes ]]+Tabla_Lista_Inventario34[[#This Row],[Precio de importación ]]","=Tabla_Lista_Inventario34[[#This Row],[Valor total x unidad]]*Tabla_Lista_Inventario34[[#This Row],[Cantidad  en existencias]]","=Tabla_Lista_Inventario34[[#This Row],[Precio de venta peru x unidad en soles]]/3.5",170,,"=Tabla_Lista_Inventario34[[#This Row],[Precio de venta peru x unidad en soles]]/Tabla_Lista_Inventario34[[#This Row],[Precio del mercado]]*100-100","=Tabla_Lista_Inventario34[[#This Row],[Precio venta Perú x unidad dolares]]-Tabla_Lista_Inventario34[[#This Row],[Valor total x unidad]]","=Tabla_Lista_Inventario34[[#This Row],[Ganancias x unidad]]*Tabla_Lista_Inventario34[[#This Row],[Cantidad  en existencias]]"
C,K,IN0043,Patrick-ta,Double take creme y powder blush,Color she nows who she is,5g,1,30.4,0,1.6,"=Tabla_Lista_Inventario34[[#This Row],[Costo de compra ]]+Tabla_Lista_Inventario34[[#This Row],[Taxes ]]+Tabla_Lista_Inventario34[[#This Row],[Precio de importación ]]","=Tabla_Lista_Inventario34[[#This Row],[Valor total x unidad]]*Tabla_Lista_Inventario34[[#This Row],[Cantidad  en existencias]]","=Tabla_Lista_Inventario34[[#This Row],[Precio de venta peru x unidad en soles]]/3.5",170,,"=Tabla_Lista_Inventario34[[#This Row],[Precio de venta peru x unidad en soles]]/Tabla_Lista_Inventario34[[#This Row],[Precio del mercado]]*100-100","=Tabla_Lista_Inventario34[[#This Row],[Precio venta Perú x unidad dolares]]-Tabla_Lista_Inventario34[[#This Row],[Valor total x unidad]]","=Tabla_Lista_Inventario34[[#This Row],[Ganancias x unidad]]*Tabla_Lista_Inventario34[[#This Row],[Cantidad  en existencias]]"
C,K,IN0044,Patrick-ta,Double take creme y powder blush,Color oh she's different,5g,1,30.4,0,1.6,"=Tabla_Lista_Inventario34[[#This Row],[Costo de compra ]]+Tabla_Lista_Inventario34[[#This Row],[Taxes ]]+Tabla_Lista_Inventario34[[#This Row],[Precio de importación ]]","=Tabla_Lista_Inventario34[[#This Row],[Valor total x unidad]]*Tabla_Lista_Inventario34[[#This Row],[Cantidad  en existencias]]","=Tabla_Lista_Inventario34[[#This Row],[Precio de venta peru x unidad en soles]]/3.5",170,,"=Tabla_Lista_Inventario34[[#This Row],[Precio de venta peru x unidad en soles]]/Tabla_Lista_Inventario34[[#This Row],[Precio del mercado]]*100-100","=Tabla_Lista_Inventario34[[#This Row],[Precio venta Perú x unidad dolares]]-Tabla_Lista_Inventario34[[#This Row],[Valor total x unidad]]","=Tabla_Lista_Inventario34[[#This Row],[Ganancias x unidad]]*Tabla_Lista_Inventario34[[#This Row],[Cantidad  en existencias]]"
C,K,IN0045,Patrick-ta,Double take creme y powder blush,Color She's that girl,5g,1,30.4,0,1.6,"=Tabla_Lista_Inventario34[[#This Row],[Costo de compra ]]+Tabla_Lista_Inventario34[[#This Row],[Taxes ]]+Tabla_Lista_Inventario34[[#This Row],[Precio de importación ]]","=Tabla_Lista_Inventario34[[#This Row],[Valor total x unidad]]*Tabla_Lista_Inventario34[[#This Row],[Cantidad  en existencias]]","=Tabla_Lista_Inventario34[[#This Row],[Precio de venta peru x unidad en soles]]/3.5",170,,"=Tabla_Lista_Inventario34[[#This Row],[Precio de venta peru x unidad en soles]]/Tabla_Lista_Inventario34[[#This Row],[Precio del mercado]]*100-100","=Tabla_Lista_Inventario34[[#This Row],[Precio venta Perú x unidad dolares]]-Tabla_Lista_Inventario34[[#This Row],[Valor total x unidad]]","=Tabla_Lista_Inventario34[[#This Row],[Ganancias x unidad]]*Tabla_Lista_Inventario34[[#This Row],[Cantidad  en existencias]]"
C,K,IN0046,Patrick-ta,Double take creme y powder blush,Color she's a doll,5g,3,30.4,0,1.6,"=Tabla_Lista_Inventario34[[#This Row],[Costo de compra ]]+Tabla_Lista_Inventario34[[#This Row],[Taxes ]]+Tabla_Lista_Inventario34[[#This Row],[Precio de importación ]]","=Tabla_Lista_Inventario34[[#This Row],[Valor total x unidad]]*Tabla_Lista_Inventario34[[#This Row],[Cantidad  en existencias]]","=Tabla_Lista_Inventario34[[#This Row],[Precio de venta peru x unidad en soles]]/3.5",170,,"=Tabla_Lista_Inventario34[[#This Row],[Precio de venta peru x unidad en soles]]/Tabla_Lista_Inventario34[[#This Row],[Precio del mercado]]*100-100","=Tabla_Lista_Inventario34[[#This Row],[Precio venta Perú x unidad dolares]]-Tabla_Lista_Inventario34[[#This Row],[Valor total x unidad]]","=Tabla_Lista_Inventario34[[#This Row],[Ganancias x unidad]]*Tabla_Lista_Inventario34[[#This Row],[Cantidad  en existencias]]"
C,,IN0047,Patrick-ta,Makeup bag,Color beige,,1,20,2.65,1.6,"=Tabla_Lista_Inventario34[[#This Row],[Costo de compra ]]+Tabla_Lista_Inventario34[[#This Row],[Taxes ]]+Tabla_Lista_Inventario34[[#This Row],[Precio de importación ]]","=Tabla_Lista_Inventario34[[#This Row],[Valor total x unidad]]*Tabla_Lista_Inventario34[[#This Row],[Cantidad  en existencias]]","=Tabla_Lista_Inventario34[[#This Row],[Precio de venta peru x unidad en soles]]/3.5",120,,"=Tabla_Lista_Inventario34[[#This Row],[Precio de venta peru x unidad en soles]]/Tabla_Lista_Inventario34[[#This Row],[Precio del mercado]]*100-100","=Tabla_Lista_Inventario34[[#This Row],[Precio venta Perú x unidad dolares]]-Tabla_Lista_Inventario34[[#This Row],[Valor total x unidad]]","=Tabla_Lista_Inventario34[[#This Row],[Ganancias x unidad]]*Tabla_Lista_Inventario34[[#This Row],[Cantidad  en existencias]]"
C,K,IN0048,Patrick-ta,Creme contour y powder bronzer duo,Color shes bronzed warm medium,9g,1,33.6,2.65,1.6,"=Tabla_Lista_Inventario34[[#This Row],[Costo de compra ]]+Tabla_Lista_Inventario34[[#This Row],[Taxes ]]+Tabla_Lista_Inventario34[[#This Row],[Precio de importación ]]","=Tabla_Lista_Inventario34[[#This Row],[Valor total x unidad]]*Tabla_Lista_Inventario34[[#This Row],[Cantidad  en existencias]]","=Tabla_Lista_Inventario34[[#This Row],[Precio de venta peru x unidad en soles]]/3.5",200,,"=Tabla_Lista_Inventario34[[#This Row],[Precio de venta peru x unidad en soles]]/Tabla_Lista_Inventario34[[#This Row],[Precio del mercado]]*100-100","=Tabla_Lista_Inventario34[[#This Row],[Precio venta Perú x unidad dolares]]-Tabla_Lista_Inventario34[[#This Row],[Valor total x unidad]]","=Tabla_Lista_Inventario34[[#This Row],[Ganancias x unidad]]*Tabla_Lista_Inventario34[[#This Row],[Cantidad  en existencias]]"
C,K,IN0049,Rare beauty,Pack Soft pinch cheek y lip trio,"1 tinted lipoil , 1 dewy liquid blush, 1 matte boncy blush","1x 2.ml, 1x 3.2ml, 1x 6.4g",4,25.2,2.27,1.6,"=Tabla_Lista_Inventario34[[#This Row],[Costo de compra ]]+Tabla_Lista_Inventario34[[#This Row],[Taxes ]]+Tabla_Lista_Inventario34[[#This Row],[Precio de importación ]]","=Tabla_Lista_Inventario34[[#This Row],[Valor total x unidad]]*Tabla_Lista_Inventario34[[#This Row],[Cantidad  en existencias]]","=Tabla_Lista_Inventario34[[#This Row],[Precio de venta peru x unidad en soles]]/3.5",180,,"=Tabla_Lista_Inventario34[[#This Row],[Precio de venta peru x unidad en soles]]/Tabla_Lista_Inventario34[[#This Row],[Precio del mercado]]*100-100","=Tabla_Lista_Inventario34[[#This Row],[Precio venta Perú x unidad dolares]]-Tabla_Lista_Inventario34[[#This Row],[Valor total x unidad]]","=Tabla_Lista_Inventario34[[#This Row],[Ganancias x unidad]]*Tabla_Lista_Inventario34[[#This Row],[Cantidad  en existencias]]"
C,K,IN0050,Rare beauty,Primer iluminating,REGALO,15ml,1,0,0,1.6,"=Tabla_Lista_Inventario34[[#This Row],[Costo de compra ]]+Tabla_Lista_Inventario34[[#This Row],[Taxes ]]+Tabla_Lista_Inventario34[[#This Row],[Precio de importación ]]","=Tabla_Lista_Inventario34[[#This Row],[Valor total x unidad]]*Tabla_Lista_Inventario34[[#This Row],[Cantidad  en existencias]]","=Tabla_Lista_Inventario34[[#This Row],[Precio de venta peru x unidad en soles]]/3.5",135,,"=Tabla_Lista_Inventario34[[#This Row],[Precio de venta peru x unidad en soles]]/Tabla_Lista_Inventario34[[#This Row],[Precio del mercado]]*100-100","=Tabla_Lista_Inventario34[[#This Row],[Precio venta Perú x unidad dolares]]-Tabla_Lista_Inventario34[[#This Row],[Valor total x unidad]]","=Tabla_Lista_Inventario34[[#This Row],[Ganancias x unidad]]*Tabla_Lista_Inventario34[[#This Row],[Cantidad  en existencias]]"
C,K,IN0051,Kiko,Milano 3D Hydra lipgloss,Color 15 cherry red,6.5ml,1,9.87,1.33,1.6,"=Tabla_Lista_Inventario34[[#This Row],[Costo de compra ]]+Tabla_Lista_Inventario34[[#This Row],[Taxes ]]+Tabla_Lista_Inventario34[[#This Row],[Precio de importación ]]","=Tabla_Lista_Inventario34[[#This Row],[Valor total x unidad]]*Tabla_Lista_Inventario34[[#This Row],[Cantidad  en existencias]]","=Tabla_Lista_Inventario34[[#This Row],[Precio de venta peru x unidad en soles]]/3.5",85,,"=Tabla_Lista_Inventario34[[#This Row],[Precio de venta peru x unidad en soles]]/Tabla_Lista_Inventario34[[#This Row],[Precio del mercado]]*100-100","=Tabla_Lista_Inventario34[[#This Row],[Precio venta Perú x unidad dolares]]-Tabla_Lista_Inventario34[[#This Row],[Valor total x unidad]]","=Tabla_Lista_Inventario34[[#This Row],[Ganancias x unidad]]*Tabla_Lista_Inventario34[[#This Row],[Cantidad  en existencias]]"
C,K,IN0052,Kiko,Milano 3D Hydra lipgloss,Color 16 iridescent ruby,6.5ml,2,9.87,1.33,1.6,"=Tabla_Lista_Inventario34[[#This Row],[Costo de compra ]]+Tabla_Lista_Inventario34[[#This Row],[Taxes ]]+Tabla_Lista_Inventario34[[#This Row],[Precio de importación ]]","=Tabla_Lista_Inventario34[[#This Row],[Valor total x unidad]]*Tabla_Lista_Inventario34[[#This Row],[Cantidad  en existencias]]","=Tabla_Lista_Inventario34[[#This Row],[Precio de venta peru x unidad en soles]]/3.5",85,,"=Tabla_Lista_Inventario34[[#This Row],[Precio de venta peru x unidad en soles]]/Tabla_Lista_Inventario34[[#This Row],[Precio del mercado]]*100-100","=Tabla_Lista_Inventario34[[#This Row],[Precio venta Perú x unidad dolares]]-Tabla_Lista_Inventario34[[#This Row],[Valor total x unidad]]","=Tabla_Lista_Inventario34[[#This Row],[Ganancias x unidad]]*Tabla_Lista_Inventario34[[#This Row],[Cantidad  en existencias]]"
C,K,IN0053,Kiko,Milano 3D Hydra lipgloss,Color 18 golden sparkle,6.5ml,1,9.87,1.33,1.6,"=Tabla_Lista_Inventario34[[#This Row],[Costo de compra ]]+Tabla_Lista_Inventario34[[#This Row],[Taxes ]]+Tabla_Lista_Inventario34[[#This Row],[Precio de importación ]]","=Tabla_Lista_Inventario34[[#This Row],[Valor total x unidad]]*Tabla_Lista_Inventario34[[#This Row],[Cantidad  en existencias]]","=Tabla_Lista_Inventario34[[#This Row],[Precio de venta peru x unidad en soles]]/3.5",85,,"=Tabla_Lista_Inventario34[[#This Row],[Precio de venta peru x unidad en soles]]/Tabla_Lista_Inventario34[[#This Row],[Precio del mercado]]*100-100","=Tabla_Lista_Inventario34[[#This Row],[Precio venta Perú x unidad dolares]]-Tabla_Lista_Inventario34[[#This Row],[Valor total x unidad]]","=Tabla_Lista_Inventario34[[#This Row],[Ganancias x unidad]]*Tabla_Lista_Inventario34[[#This Row],[Cantidad  en existencias]]"
C,K,IN0054,Kiko,Milano 3D Hydra lipgloss,21 brun rose,6.5ml,4,9.87,1.33,1.6,"=Tabla_Lista_Inventario34[[#This Row],[Costo de compra ]]+Tabla_Lista_Inventario34[[#This Row],[Taxes ]]+Tabla_Lista_Inventario34[[#This Row],[Precio de importación ]]","=Tabla_Lista_Inventario34[[#This Row],[Valor total x unidad]]*Tabla_Lista_Inventario34[[#This Row],[Cantidad  en existencias]]","=Tabla_Lista_Inventario34[[#This Row],[Precio de venta peru x unidad en soles]]/3.5",85,,"=Tabla_Lista_Inventario34[[#This Row],[Precio de venta peru x unidad en soles]]/Tabla_Lista_Inventario34[[#This Row],[Precio del mercado]]*100-100","=Tabla_Lista_Inventario34[[#This Row],[Precio venta Perú x unidad dolares]]-Tabla_Lista_Inventario34[[#This Row],[Valor total x unidad]]","=Tabla_Lista_Inventario34[[#This Row],[Ganancias x unidad]]*Tabla_Lista_Inventario34[[#This Row],[Cantidad  en existencias]]"
C,K,IN0055,Kiko,Milano 3D Hydra lipgloss,22 sparkling red garnet,6.5ml,2,9.87,1.33,1.6,"=Tabla_Lista_Inventario34[[#This Row],[Costo de compra ]]+Tabla_Lista_Inventario34[[#This Row],[Taxes ]]+Tabla_Lista_Inventario34[[#This Row],[Precio de importación ]]","=Tabla_Lista_Inventario34[[#This Row],[Valor total x unidad]]*Tabla_Lista_Inventario34[[#This Row],[Cantidad  en existencias]]","=Tabla_Lista_Inventario34[[#This Row],[Precio de venta peru x unidad en soles]]/3.5",85,,"=Tabla_Lista_Inventario34[[#This Row],[Precio de venta peru x unidad en soles]]/Tabla_Lista_Inventario34[[#This Row],[Precio del mercado]]*100-100","=Tabla_Lista_Inventario34[[#This Row],[Precio venta Perú x unidad dolares]]-Tabla_Lista_Inventario34[[#This Row],[Valor total x unidad]]","=Tabla_Lista_Inventario34[[#This Row],[Ganancias x unidad]]*Tabla_Lista_Inventario34[[#This Row],[Cantidad  en existencias]]"
,,IN0056,Kiko,Milano 3D Hydra lipgloss,26 sparkling hibiscus pink,6.5ml,1,9.87,1.33,1.6,"=Tabla_Lista_Inventario34[[#This Row],[Costo de compra ]]+Tabla_Lista_Inventario34[[#This Row],[Taxes ]]+Tabla_Lista_Inventario34[[#This Row],[Precio de importación ]]","=Tabla_Lista_Inventario34[[#This Row],[Valor total x unidad]]*Tabla_Lista_Inventario34[[#This Row],[Cantidad  en existencias]]","=Tabla_Lista_Inventario34[[#This Row],[Precio de venta peru x unidad en soles]]/3.5",85,,"=Tabla_Lista_Inventario34[[#This Row],[Precio de venta peru x unidad en soles]]/Tabla_Lista_Inventario34[[#This Row],[Precio del mercado]]*100-100","=Tabla_Lista_Inventario34[[#This Row],[Precio venta Perú x unidad dolares]]-Tabla_Lista_Inventario34[[#This Row],[Valor total x unidad]]","=Tabla_Lista_Inventario34[[#This Row],[Ganancias x unidad]]*Tabla_Lista_Inventario34[[#This Row],[Cantidad  en existencias]]"
C,K,,Kiko,3d Hydra Xtreme Lipgloss,3,5 ml,1,10,1.33,1.6,"=Tabla_Lista_Inventario34[[#This Row],[Costo de compra ]]+Tabla_Lista_Inventario34[[#This Row],[Taxes ]]+Tabla_Lista_Inventario34[[#This Row],[Precio de importación ]]","=Tabla_Lista_Inventario34[[#This Row],[Valor total x unidad]]*Tabla_Lista_Inventario34[[#This Row],[Cantidad  en existencias]]","=Tabla_Lista_Inventario34[[#This Row],[Precio de venta peru x unidad en soles]]/3.5",85,,,"=Tabla_Lista_Inventario34[[#This Row],[Precio venta Perú x unidad dolares]]-Tabla_Lista_Inventario34[[#This Row],[Valor total x unidad]]","=Tabla_Lista_Inventario34[[#This Row],[Ganancias x unidad]]*Tabla_Lista_Inventario34[[#This Row],[Cantidad  en existencias]]"
C,K,,Kiko,3d Hydra Xtreme Lipgloss,1,6 ml,1,10,1.33,1.6,"=Tabla_Lista_Inventario34[[#This Row],[Costo de compra ]]+Tabla_Lista_Inventario34[[#This Row],[Taxes ]]+Tabla_Lista_Inventario34[[#This Row],[Precio de importación ]]","=Tabla_Lista_Inventario34[[#This Row],[Valor total x unidad]]*Tabla_Lista_Inventario34[[#This Row],[Cantidad  en existencias]]","=Tabla_Lista_Inventario34[[#This Row],[Precio de venta peru x unidad en soles]]/3.5",85,,,"=Tabla_Lista_Inventario34[[#This Row],[Precio venta Perú x unidad dolares]]-Tabla_Lista_Inventario34[[#This Row],[Valor total x unidad]]","=Tabla_Lista_Inventario34[[#This Row],[Ganancias x unidad]]*Tabla_Lista_Inventario34[[#This Row],[Cantidad  en existencias]]"
,K,IN0057,Kiko,Milano 3D Hydra lipgloss,35  pearly warm mauve,6.5ml,1,9.87,1.33,1.6,"=Tabla_Lista_Inventario34[[#This Row],[Costo de compra ]]+Tabla_Lista_Inventario34[[#This Row],[Taxes ]]+Tabla_Lista_Inventario34[[#This Row],[Precio de importación ]]","=Tabla_Lista_Inventario34[[#This Row],[Valor total x unidad]]*Tabla_Lista_Inventario34[[#This Row],[Cantidad  en existencias]]","=Tabla_Lista_Inventario34[[#This Row],[Precio de venta peru x unidad en soles]]/3.5",100,,"=Tabla_Lista_Inventario34[[#This Row],[Precio de venta peru x unidad en soles]]/Tabla_Lista_Inventario34[[#This Row],[Precio del mercado]]*100-100","=Tabla_Lista_Inventario34[[#This Row],[Precio venta Perú x unidad dolares]]-Tabla_Lista_Inventario34[[#This Row],[Valor total x unidad]]","=Tabla_Lista_Inventario34[[#This Row],[Ganancias x unidad]]*Tabla_Lista_Inventario34[[#This Row],[Cantidad  en existencias]]"
,K,IN0058,Kiko,Milano 3D Hydra lipgloss,Color 17,6.5ml,2,9.8,1.33,1.6,"=Tabla_Lista_Inventario34[[#This Row],[Costo de compra ]]+Tabla_Lista_Inventario34[[#This Row],[Taxes ]]+Tabla_Lista_Inventario34[[#This Row],[Precio de importación ]]","=Tabla_Lista_Inventario34[[#This Row],[Valor total x unidad]]*Tabla_Lista_Inventario34[[#This Row],[Cantidad  en existencias]]","=Tabla_Lista_Inventario34[[#This Row],[Precio de venta peru x unidad en soles]]/3.5",100,,"=Tabla_Lista_Inventario34[[#This Row],[Precio de venta peru x unidad en soles]]/Tabla_Lista_Inventario34[[#This Row],[Precio del mercado]]*100-100","=Tabla_Lista_Inventario34[[#This Row],[Precio venta Perú x unidad dolares]]-Tabla_Lista_Inventario34[[#This Row],[Valor total x unidad]]","=Tabla_Lista_Inventario34[[#This Row],[Ganancias x unidad]]*Tabla_Lista_Inventario34[[#This Row],[Cantidad  en existencias]]"
,K,IN0059,Kiko,Milano 3D Hydra lipgloss,Color 05,6.5ml,2,9.8,1.33,1.6,"=Tabla_Lista_Inventario34[[#This Row],[Costo de compra ]]+Tabla_Lista_Inventario34[[#This Row],[Taxes ]]+Tabla_Lista_Inventario34[[#This Row],[Precio de importación ]]","=Tabla_Lista_Inventario34[[#This Row],[Valor total x unidad]]*Tabla_Lista_Inventario34[[#This Row],[Cantidad  en existencias]]","=Tabla_Lista_Inventario34[[#This Row],[Precio de venta peru x unidad en soles]]/3.5",100,,"=Tabla_Lista_Inventario34[[#This Row],[Precio de venta peru x unidad en soles]]/Tabla_Lista_Inventario34[[#This Row],[Precio del mercado]]*100-100","=Tabla_Lista_Inventario34[[#This Row],[Precio venta Perú x unidad dolares]]-Tabla_Lista_Inventario34[[#This Row],[Valor total x unidad]]","=Tabla_Lista_Inventario34[[#This Row],[Ganancias x unidad]]*Tabla_Lista_Inventario34[[#This Row],[Cantidad  en existencias]]"
,K,IN0060,Kiko,Pack everyday nude lip kit,"Color 04 hidra gloss , 21 lapiz creamy, 101 gossamer",6.5ml-1.2g-3.5g,1,32,1.33,1.6,"=Tabla_Lista_Inventario34[[#This Row],[Costo de compra ]]+Tabla_Lista_Inventario34[[#This Row],[Taxes ]]+Tabla_Lista_Inventario34[[#This Row],[Precio de importación ]]","=Tabla_Lista_Inventario34[[#This Row],[Valor total x unidad]]*Tabla_Lista_Inventario34[[#This Row],[Cantidad  en existencias]]","=Tabla_Lista_Inventario34[[#This Row],[Precio de venta peru x unidad en soles]]/3.5",205,,"=Tabla_Lista_Inventario34[[#This Row],[Precio de venta peru x unidad en soles]]/Tabla_Lista_Inventario34[[#This Row],[Precio del mercado]]*100-100","=Tabla_Lista_Inventario34[[#This Row],[Precio venta Perú x unidad dolares]]-Tabla_Lista_Inventario34[[#This Row],[Valor total x unidad]]","=Tabla_Lista_Inventario34[[#This Row],[Ganancias x unidad]]*Tabla_Lista_Inventario34[[#This Row],[Cantidad  en existencias]]"
,K,IN0061,Kiko,Pack everyday iconic red  lip kit,"Color 17 hidra lipgloss, 12 lapiz creamy, 131 gossamer",6.5ml-1.2g-3.5g,2,32,1.33,1.6,"=Tabla_Lista_Inventario34[[#This Row],[Costo de compra ]]+Tabla_Lista_Inventario34[[#This Row],[Taxes ]]+Tabla_Lista_Inventario34[[#This Row],[Precio de importación ]]","=Tabla_Lista_Inventario34[[#This Row],[Valor total x unidad]]*Tabla_Lista_Inventario34[[#This Row],[Cantidad  en existencias]]","=Tabla_Lista_Inventario34[[#This Row],[Precio de venta peru x unidad en soles]]/3.5",205,,"=Tabla_Lista_Inventario34[[#This Row],[Precio de venta peru x unidad en soles]]/Tabla_Lista_Inventario34[[#This Row],[Precio del mercado]]*100-100","=Tabla_Lista_Inventario34[[#This Row],[Precio venta Perú x unidad dolares]]-Tabla_Lista_Inventario34[[#This Row],[Valor total x unidad]]","=Tabla_Lista_Inventario34[[#This Row],[Ganancias x unidad]]*Tabla_Lista_Inventario34[[#This Row],[Cantidad  en existencias]]"
,K?,IN0062,Kiko,Creamy lipstick,Color gossamer 131,3.5g,1,10,1.33,1.6,"=Tabla_Lista_Inventario34[[#This Row],[Costo de compra ]]+Tabla_Lista_Inventario34[[#This Row],[Taxes ]]+Tabla_Lista_Inventario34[[#This Row],[Precio de importación ]]","=Tabla_Lista_Inventario34[[#This Row],[Valor total x unidad]]*Tabla_Lista_Inventario34[[#This Row],[Cantidad  en existencias]]","=Tabla_Lista_Inventario34[[#This Row],[Precio de venta peru x unidad en soles]]/3.5",80,,"=Tabla_Lista_Inventario34[[#This Row],[Precio de venta peru x unidad en soles]]/Tabla_Lista_Inventario34[[#This Row],[Precio del mercado]]*100-100","=Tabla_Lista_Inventario34[[#This Row],[Precio venta Perú x unidad dolares]]-Tabla_Lista_Inventario34[[#This Row],[Valor total x unidad]]","=Tabla_Lista_Inventario34[[#This Row],[Ganancias x unidad]]*Tabla_Lista_Inventario34[[#This Row],[Cantidad  en existencias]]"
,K,IN0063,The ordenary,The mini discovery set,6 productos,,2,28,1,1.6,"=Tabla_Lista_Inventario34[[#This Row],[Costo de compra ]]+Tabla_Lista_Inventario34[[#This Row],[Taxes ]]+Tabla_Lista_Inventario34[[#This Row],[Precio de importación ]]","=Tabla_Lista_Inventario34[[#This Row],[Valor total x unidad]]*Tabla_Lista_Inventario34[[#This Row],[Cantidad  en existencias]]","=Tabla_Lista_Inventario34[[#This Row],[Precio de venta peru x unidad en soles]]/3.5",175,,"=Tabla_Lista_Inventario34[[#This Row],[Precio de venta peru x unidad en soles]]/Tabla_Lista_Inventario34[[#This Row],[Precio del mercado]]*100-100","=Tabla_Lista_Inventario34[[#This Row],[Precio venta Perú x unidad dolares]]-Tabla_Lista_Inventario34[[#This Row],[Valor total x unidad]]","=Tabla_Lista_Inventario34[[#This Row],[Ganancias x unidad]]*Tabla_Lista_Inventario34[[#This Row],[Cantidad  en existencias]]"
,K,IN0064,The ordenary,Niacinamide 10% + zinc,,60ml,2,8.32,,1.6,"=Tabla_Lista_Inventario34[[#This Row],[Costo de compra ]]+Tabla_Lista_Inventario34[[#This Row],[Taxes ]]+Tabla_Lista_Inventario34[[#This Row],[Precio de importación ]]","=Tabla_Lista_Inventario34[[#This Row],[Valor total x unidad]]*Tabla_Lista_Inventario34[[#This Row],[Cantidad  en existencias]]","=Tabla_Lista_Inventario34[[#This Row],[Precio de venta peru x unidad en soles]]/3.5",110,,"=Tabla_Lista_Inventario34[[#This Row],[Precio de venta peru x unidad en soles]]/Tabla_Lista_Inventario34[[#This Row],[Precio del mercado]]*100-100","=Tabla_Lista_Inventario34[[#This Row],[Precio venta Perú x unidad dolares]]-Tabla_Lista_Inventario34[[#This Row],[Valor total x unidad]]","=Tabla_Lista_Inventario34[[#This Row],[Ganancias x unidad]]*Tabla_Lista_Inventario34[[#This Row],[Cantidad  en existencias]]"
,K,IN0065,The ordenary,Salicylic 2%,,30ml,1,5,,1.6,"=Tabla_Lista_Inventario34[[#This Row],[Costo de compra ]]+Tabla_Lista_Inventario34[[#This Row],[Taxes ]]+Tabla_Lista_Inventario34[[#This Row],[Precio de importación ]]","=Tabla_Lista_Inventario34[[#This Row],[Valor total x unidad]]*Tabla_Lista_Inventario34[[#This Row],[Cantidad  en existencias]]","=Tabla_Lista_Inventario34[[#This Row],[Precio de venta peru x unidad en soles]]/3.5",60,,"=Tabla_Lista_Inventario34[[#This Row],[Precio de venta peru x unidad en soles]]/Tabla_Lista_Inventario34[[#This Row],[Precio del mercado]]*100-100","=Tabla_Lista_Inventario34[[#This Row],[Precio venta Perú x unidad dolares]]-Tabla_Lista_Inventario34[[#This Row],[Valor total x unidad]]","=Tabla_Lista_Inventario34[[#This Row],[Ganancias x unidad]]*Tabla_Lista_Inventario34[[#This Row],[Cantidad  en existencias]]"
,K,IN0066,The ordenary,Hyaluronic acid 25% REGALO,,15 ml,1,,,1.6,"=Tabla_Lista_Inventario34[[#This Row],[Costo de compra ]]+Tabla_Lista_Inventario34[[#This Row],[Taxes ]]+Tabla_Lista_Inventario34[[#This Row],[Precio de importación ]]","=Tabla_Lista_Inventario34[[#This Row],[Valor total x unidad]]*Tabla_Lista_Inventario34[[#This Row],[Cantidad  en existencias]]","=Tabla_Lista_Inventario34[[#This Row],[Precio de venta peru x unidad en soles]]/3.5",30,,"=Tabla_Lista_Inventario34[[#This Row],[Precio de venta peru x unidad en soles]]/Tabla_Lista_Inventario34[[#This Row],[Precio del mercado]]*100-100","=Tabla_Lista_Inventario34[[#This Row],[Precio venta Perú x unidad dolares]]-Tabla_Lista_Inventario34[[#This Row],[Valor total x unidad]]","=Tabla_Lista_Inventario34[[#This Row],[Ganancias x unidad]]*Tabla_Lista_Inventario34[[#This Row],[Cantidad  en existencias]]"
,K,IN0067,The ordenary,The acne set,,,1,22.18,,1.6,"=Tabla_Lista_Inventario34[[#This Row],[Costo de compra ]]+Tabla_Lista_Inventario34[[#This Row],[Taxes ]]+Tabla_Lista_Inventario34[[#This Row],[Precio de importación ]]","=Tabla_Lista_Inventario34[[#This Row],[Valor total x unidad]]*Tabla_Lista_Inventario34[[#This Row],[Cantidad  en existencias]]","=Tabla_Lista_Inventario34[[#This Row],[Precio de venta peru x unidad en soles]]/3.5",120,,"=Tabla_Lista_Inventario34[[#This Row],[Precio de venta peru x unidad en soles]]/Tabla_Lista_Inventario34[[#This Row],[Precio del mercado]]*100-100","=Tabla_Lista_Inventario34[[#This Row],[Precio venta Perú x unidad dolares]]-Tabla_Lista_Inventario34[[#This Row],[Valor total x unidad]]","=Tabla_Lista_Inventario34[[#This Row],[Ganancias x unidad]]*Tabla_Lista_Inventario34[[#This Row],[Cantidad  en existencias]]"
,,,,,,,,,,0,,,,,,,,
,,,,,,,,,,0,,,,,,,,
,,,,,,,,,,0,,,,,,,,
,,,,,,,,,,0,,,,,,,,
,,,,,,,,,,0,,,,,,,,
,,,,,,,,,,0,,,,,,,,
,,,,,,,,,,0,,,,,,,,
,,,,,,,,,,0,,,,,,,,
,,,,,,,,,,0,,,,,,,,
,,,,,,,,,,0,,,,,,,,"=Tabla_Lista_Inventario34[[#This Row],[Ganancias x unidad]]*Tabla_Lista_Inventario34[[#This Row],[Cantidad  en existencias]]"
,,,,,,,,,,0,,,,,,,,"=Tabla_Lista_Inventario34[[#This Row],[Ganancias x unidad]]*Tabla_Lista_Inventario34[[#This Row],[Cantidad  en existencias]]"
,,,,,,,#�NOMBRE?,,,#�NOMBRE?,Inversión:,#�NOMBRE?,,,,,TOTAL :,#�NOMBRE?
